halo_id,log10_Mvir,Mvir_Msol,c_NFW,Vvir_kms,Vmax_kms,phi_ana,phi_num,phi_corr,score_ana,score_num,score_corr,class_ana,class_num,class_corr,falso_escuro,recuperado,falso_estelar,delta_phi_num_pct,delta_phi_corr_pct,estrato
1,8.1609,1.4486e+08,21.713,7.5842,11.1632,-5.326076,-3.753983,-5.276079,1.143983,0.806315,1.133244,0,0,0,0,0,0,29.517,0.939,0
2,7.6583,4.5532e+07,17.535,5.1567,7.1472,-5.132078,-3.523208,-5.084982,1.102314,0.756746,1.092199,0,0,0,0,0,0,31.349,0.918,0
3,8.2879,1.9404e+08,17.311,8.3605,11.5471,-5.120525,-3.508298,-5.072671,1.099833,0.753544,1.089554,0,0,0,0,0,0,31.486,0.935,0
4,8.0461,1.1119e+08,28.007,6.9441,11.0256,-5.558607,-4.017692,-5.498955,1.193928,0.862956,1.181115,0,0,0,0,0,0,27.721,1.073,0
5,7.1413,1.3844e+07,22.727,3.4675,5.1720,-5.367790,-3.801138,-5.319283,1.152943,0.816443,1.142524,0,0,0,0,0,0,29.186,0.904,0
6,8.4634,2.9069e+08,22.045,9.5663,14.1427,-5.339958,-3.767449,-5.288398,1.146965,0.809207,1.135890,1,0,1,1,1,0,29.448,0.966,0
7,8.1417,1.3858e+08,15.559,7.4731,10.0307,-5.025424,-3.392421,-4.973188,1.079406,0.728655,1.068186,0,0,0,0,0,0,32.495,1.039,0
8,8.1791,1.5104e+08,18.549,7.6907,10.8256,-5.182774,-3.582990,-5.131202,1.113203,0.769587,1.102126,0,0,0,0,0,0,30.867,0.995,0
9,7.1922,1.5566e+07,19.324,3.6057,5.1338,-5.219867,-3.628167,-5.164832,1.121170,0.779291,1.109350,0,0,0,0,0,0,30.493,1.054,0
10,7.6756,4.7378e+07,20.159,5.2255,7.5295,-5.258353,-3.672170,-5.197436,1.129437,0.788742,1.116352,0,0,0,0,0,0,30.165,1.158,0
11,7.5562,3.5991e+07,27.942,4.7679,7.5651,-5.556498,-4.015084,-5.495368,1.193475,0.862396,1.180345,0,0,0,0,0,0,27.741,1.100,0
12,8.3901,2.4555e+08,12.011,9.0430,11.3705,-4.802965,-3.115839,-4.779169,1.031624,0.669248,1.026513,0,0,0,0,0,0,35.127,0.495,0
13,7.9658,9.2427e+07,22.921,6.5293,9.7631,-5.375576,-3.810378,-5.327756,1.154615,0.818427,1.144344,0,0,0,0,0,0,29.117,0.890,0
14,8.2341,1.7145e+08,20.488,8.0225,11.6132,-5.273095,-3.685608,-5.210526,1.132603,0.791628,1.119164,0,0,0,0,0,0,30.105,1.187,0
15,7.6651,4.6251e+07,18.944,5.1837,7.3397,-5.201859,-3.602579,-5.145293,1.117302,0.773795,1.105153,0,0,0,0,0,0,30.744,1.087,0
16,7.3409,2.1921e+07,16.463,4.0416,5.5068,-5.075560,-3.450880,-5.024712,1.090175,0.741211,1.079253,0,0,0,0,0,0,32.010,1.002,0
17,7.8319,6.7901e+07,21.573,5.8915,8.6555,-5.320175,-3.742103,-5.264632,1.142715,0.803763,1.130785,0,0,0,0,0,0,29.662,1.044,0
18,7.0957,1.2466e+07,21.983,3.3484,4.9462,-5.337365,-3.764795,-5.285975,1.146408,0.808637,1.135370,0,0,0,0,0,0,29.463,0.963,0
19,8.2414,1.7436e+08,20.427,8.0677,11.6686,-5.270380,-3.687511,-5.212443,1.132020,0.792037,1.119576,0,0,0,0,0,0,30.033,1.099,0
20,7.9475,8.8613e+07,20.735,6.4382,9.3516,-5.284018,-3.703475,-5.228486,1.134949,0.795466,1.123022,0,0,0,0,0,0,29.912,1.051,0
21,8.1371,1.3713e+08,29.604,7.4469,12.0274,-5.609010,-4.074153,-5.537265,1.204754,0.875083,1.189344,1,1,1,0,0,0,27.364,1.279,0
22,7.5318,3.4024e+07,21.378,4.6794,6.8568,-5.311861,-3.735754,-5.258852,1.140930,0.802399,1.129544,0,0,0,0,0,0,29.671,0.998,0
23,8.4560,2.8579e+08,14.137,9.5122,12.4538,-4.941438,-3.292679,-4.903499,1.061367,0.707232,1.053218,1,0,1,1,1,0,33.366,0.768,0
24,8.3397,2.1862e+08,19.698,8.6995,12.4533,-5.237279,-3.647817,-5.178393,1.124910,0.783511,1.112262,1,0,1,1,1,0,30.349,1.124,0
25,8.1676,1.4709e+08,20.715,7.6230,11.0694,-5.283111,-3.698913,-5.223414,1.134754,0.794486,1.121932,0,0,0,0,0,0,29.986,1.130,0
26,7.2920,1.9587e+07,33.886,3.8927,6.5589,-5.730936,-4.211205,-5.713617,1.230942,0.904521,1.227222,0,0,0,0,0,0,26.518,0.302,0
27,7.7001,5.0128e+07,26.987,5.3247,8.3593,-5.524803,-3.980464,-5.469720,1.186667,0.854960,1.174836,0,0,0,0,0,0,27.953,0.997,0
28,7.0657,1.1633e+07,27.709,3.2722,5.1785,-5.548868,-4.003615,-5.486296,1.191836,0.859933,1.178396,0,0,0,0,0,0,27.848,1.128,0
29,7.2314,1.7039e+07,35.000,3.7160,6.3260,-5.759887,-4.242423,-5.756290,1.237161,0.911226,1.236388,0,0,0,0,0,0,26.345,0.062,0
30,8.0246,1.0582e+08,14.988,6.8306,9.0788,-4.992487,-3.354839,-4.939408,1.072332,0.720583,1.060931,0,0,0,0,0,0,32.802,1.063,0
31,8.1171,1.3096e+08,16.858,7.3335,10.0561,-5.096727,-3.480361,-5.049778,1.094721,0.747543,1.084637,0,0,0,0,0,0,31.714,0.921,0
32,8.4513,2.8266e+08,14.504,9.4773,12.4901,-4.963760,-3.320824,-4.920673,1.066161,0.713277,1.056907,1,0,1,1,1,0,33.099,0.868,0
33,7.4887,3.0813e+07,20.785,4.5274,6.5807,-5.286226,-3.703032,-5.227673,1.135424,0.795371,1.122847,0,0,0,0,0,0,29.949,1.108,0
34,7.5557,3.5949e+07,15.938,4.7661,6.4381,-5.046739,-3.420080,-4.998051,1.083984,0.734596,1.073527,0,0,0,0,0,0,32.232,0.965,0
35,7.7043,5.0621e+07,25.629,5.3421,8.2569,-5.477663,-3.922350,-5.422816,1.176542,0.842478,1.164762,0,0,0,0,0,0,28.394,1.001,0
36,7.2842,1.9240e+07,22.743,3.8696,5.7730,-5.368437,-3.798286,-5.316416,1.153082,0.815830,1.141908,0,0,0,0,0,0,29.248,0.969,0
37,7.1949,1.5663e+07,16.925,3.6132,4.9600,-5.100298,-3.483445,-5.052207,1.095488,0.748206,1.085159,0,0,0,0,0,0,31.701,0.943,0
38,7.7136,5.1708e+07,16.835,5.3800,7.3747,-5.095535,-3.478400,-5.048165,1.094465,0.747122,1.084291,0,0,0,0,0,0,31.736,0.930,0
39,7.3404,2.1896e+07,25.710,4.0400,6.2504,-5.480568,-3.924233,-5.423893,1.177166,0.842882,1.164993,0,0,0,0,0,0,28.397,1.034,0
40,8.0047,1.0109e+08,25.160,6.7273,10.3406,-5.460804,-3.908141,-5.411907,1.172921,0.839426,1.162419,0,0,0,0,0,0,28.433,0.895,0
41,7.6557,4.5261e+07,35.000,5.1464,8.7611,-5.759887,-4.242278,-5.756161,1.237161,0.911195,1.236361,0,0,0,0,0,0,26.348,0.065,0
42,8.2490,1.7743e+08,35.000,8.1147,13.8140,-5.759887,-4.240542,-5.754520,1.237161,0.910822,1.236008,1,1,1,0,0,0,26.378,0.093,0
43,8.0504,1.1230e+08,22.361,6.9673,10.3431,-5.352953,-3.777266,-5.296940,1.149756,0.811316,1.137725,0,0,0,0,0,0,29.436,1.046,0
44,7.4685,2.9414e+07,17.940,4.4577,6.2173,-5.152648,-3.548052,-5.104720,1.106732,0.762083,1.096438,0,0,0,0,0,0,31.141,0.930,0
45,8.2484,1.7717e+08,11.204,8.1108,10.0313,-4.745893,-3.044549,-4.721609,1.019366,0.653936,1.014150,0,0,0,0,0,0,35.849,0.512,0
46,8.2071,1.6112e+08,20.774,7.8580,11.4202,-5.285739,-3.703273,-5.227600,1.135319,0.795422,1.122831,0,0,0,0,0,0,29.938,1.100,0
47,7.5812,3.8126e+07,18.276,4.8604,6.8136,-5.169369,-3.569136,-5.121361,1.110324,0.766611,1.100012,0,0,0,0,0,0,30.956,0.929,0
48,7.4325,2.7070e+07,20.923,4.3361,6.3146,-5.292254,-3.709459,-5.234324,1.136718,0.796751,1.124276,0,0,0,0,0,0,29.908,1.095,0
49,8.0237,1.0562e+08,17.349,6.8262,9.4337,-5.122483,-3.513752,-5.077772,1.100253,0.754716,1.090650,0,0,0,0,0,0,31.405,0.873,0
50,7.2096,1.6204e+07,23.623,3.6543,5.5129,-5.403161,-3.842094,-5.355870,1.160540,0.825240,1.150382,0,0,0,0,0,0,28.892,0.875,0
51,7.2999,1.9946e+07,31.403,3.9164,6.4425,-5.662435,-4.122227,-5.597542,1.216229,0.885409,1.202291,0,0,0,0,0,0,27.200,1.146,0
52,7.0110,1.0258e+07,26.678,3.1377,4.9088,-5.514313,-3.962784,-5.454625,1.184414,0.851163,1.171594,0,0,0,0,0,0,28.136,1.082,0
53,8.1804,1.5149e+08,18.764,7.6983,10.8712,-5.193232,-3.595255,-5.140356,1.115450,0.772221,1.104092,0,0,0,0,0,0,30.770,1.018,0
54,7.9973,9.9375e+07,15.680,6.6889,8.9965,-5.032275,-3.402933,-4.982859,1.080878,0.730913,1.070264,0,0,0,0,0,0,32.378,0.982,0
55,8.0577,1.1422e+08,13.151,7.0067,9.0077,-4.879246,-3.213216,-4.851053,1.048009,0.690164,1.041953,0,0,0,0,0,0,34.145,0.578,0
56,8.1711,1.4828e+08,17.307,7.6436,10.5563,-5.120321,-3.509197,-5.073642,1.099789,0.753737,1.089763,0,0,0,0,0,0,31.465,0.912,0
57,7.6884,4.8795e+07,21.605,5.2770,7.7561,-5.321528,-3.741931,-5.264331,1.143006,0.803726,1.130721,0,0,0,0,0,0,29.683,1.075,0
58,7.8531,7.1304e+07,32.984,5.9883,10.0041,-5.706714,-4.182817,-5.675744,1.225740,0.898423,1.219088,0,0,0,0,0,0,26.704,0.543,0
59,7.2097,1.6207e+07,25.302,3.6545,5.6268,-5.465926,-3.912980,-5.415865,1.174021,0.840465,1.163269,0,0,0,0,0,0,28.411,0.916,0
60,7.1718,1.4852e+07,31.677,3.5497,5.8553,-5.670290,-4.142975,-5.621318,1.217916,0.889866,1.207398,0,0,0,0,0,0,26.935,0.864,0
61,8.0026,1.0060e+08,17.940,6.7163,9.3673,-5.152621,-3.545997,-5.102691,1.106727,0.761641,1.096002,0,0,0,0,0,0,31.181,0.969,0
62,7.7066,5.0891e+07,16.154,5.3515,7.2548,-5.058697,-3.434015,-5.010185,1.086553,0.737589,1.076133,0,0,0,0,0,0,32.117,0.959,0
63,7.8479,7.0446e+07,16.527,5.9642,8.1349,-5.079046,-3.460988,-5.033842,1.090924,0.743382,1.081214,0,0,0,0,0,0,31.858,0.890,0
64,8.1475,1.4044e+08,16.381,7.5064,10.2140,-5.071086,-3.448597,-5.022772,1.089214,0.740721,1.078837,0,0,0,0,0,0,31.995,0.953,0
65,7.9521,8.9552e+07,35.000,6.4609,10.9987,-5.759887,-4.244578,-5.758839,1.237161,0.911689,1.236936,0,0,0,0,0,0,26.308,0.018,0
66,7.8304,6.7666e+07,17.210,5.8847,8.1147,-5.115266,-3.497966,-5.063499,1.098703,0.751325,1.087584,0,0,0,0,0,0,31.617,1.012,0
67,7.8388,6.8994e+07,26.153,5.9229,9.2106,-5.496140,-3.947420,-5.443589,1.180511,0.847863,1.169223,0,0,0,0,0,0,28.178,0.956,0
68,7.4559,2.8571e+07,18.392,4.4148,6.1998,-5.175104,-3.574539,-5.125050,1.111556,0.767772,1.100805,0,0,0,0,0,0,30.928,0.967,0
69,7.0462,1.1123e+07,32.196,3.2236,5.3445,-5.684940,-4.161512,-5.645712,1.221063,0.893847,1.212637,0,0,0,0,0,0,26.798,0.690,0
70,7.6551,4.5194e+07,24.332,5.1439,7.8282,-5.430204,-3.872485,-5.382079,1.166348,0.831767,1.156012,0,0,0,0,0,0,28.686,0.886,0
71,7.3219,2.0983e+07,22.922,3.9831,5.9560,-5.375616,-3.808219,-5.325441,1.154624,0.817964,1.143847,0,0,0,0,0,0,29.158,0.933,0
72,7.6128,4.1001e+07,22.061,4.9796,7.3633,-5.340598,-3.769431,-5.290453,1.147102,0.809633,1.136331,0,0,0,0,0,0,29.419,0.939,0
73,8.2801,1.9059e+08,16.169,8.3106,11.2691,-5.059512,-3.436380,-5.012465,1.086728,0.738097,1.076623,0,0,0,0,0,0,32.081,0.930,0
74,7.3509,2.2434e+07,26.523,4.0729,6.3606,-5.508988,-3.962785,-5.455974,1.183270,0.851163,1.171884,0,0,0,0,0,0,28.067,0.962,0
75,7.0875,1.2231e+07,22.445,3.3272,4.9447,-5.356371,-3.783823,-5.303618,1.150490,0.812724,1.139159,0,0,0,0,0,0,29.358,0.985,0
76,7.4221,2.6429e+07,17.083,4.3015,5.9197,-5.108603,-3.496559,-5.063656,1.097272,0.751023,1.087618,0,0,0,0,0,0,31.555,0.880,0
77,7.4404,2.7567e+07,16.786,4.3624,5.9751,-5.092919,-3.476794,-5.046961,1.093903,0.746777,1.084032,0,0,0,0,0,0,31.733,0.902,0
78,7.9929,9.8373e+07,21.316,6.6664,9.7601,-5.309221,-3.733595,-5.257022,1.140363,0.801935,1.129151,0,0,0,0,0,0,29.677,0.983,0
79,7.8355,6.8478e+07,31.573,5.9081,9.7353,-5.667296,-4.136776,-5.613901,1.217273,0.888534,1.205805,0,0,0,0,0,0,27.006,0.942,0
80,8.1758,1.4992e+08,20.363,7.6715,11.0857,-5.267507,-3.683665,-5.208994,1.131403,0.791211,1.118835,0,0,0,0,0,0,30.068,1.111,0
81,7.9965,9.9191e+07,19.784,6.6848,9.5811,-5.241244,-3.652908,-5.181911,1.125762,0.784605,1.113018,0,0,0,0,0,0,30.305,1.132,0
82,7.6096,4.0699e+07,23.981,4.9674,7.5271,-5.416919,-3.857498,-5.369166,1.163495,0.828548,1.153238,0,0,0,0,0,0,28.788,0.882,0
83,8.2210,1.6635e+08,26.936,7.9422,12.4615,-5.523085,-3.977737,-5.467334,1.186298,0.854374,1.174324,1,1,1,0,0,0,27.980,1.009,0
84,7.2505,1.7802e+07,25.635,3.7707,5.8285,-5.477888,-3.926052,-5.426346,1.176590,0.843273,1.165520,0,0,0,0,0,0,28.329,0.941,0
85,7.0341,1.0816e+07,22.980,3.1937,4.7790,-5.377926,-3.812323,-5.329380,1.155120,0.818845,1.144693,0,0,0,0,0,0,29.112,0.903,0
86,7.1351,1.3648e+07,32.965,3.4511,5.7643,-5.706178,-4.180663,-5.673514,1.225625,0.897961,1.218609,0,0,0,0,0,0,26.734,0.572,0
87,8.0835,1.2121e+08,22.270,7.1468,10.5970,-5.349229,-3.778491,-5.298652,1.148956,0.811579,1.138093,0,0,0,0,0,0,29.364,0.946,0
88,7.6928,4.9296e+07,32.282,5.2951,8.7862,-5.687336,-4.159290,-5.644376,1.221578,0.893370,1.212350,0,0,0,0,0,0,26.868,0.755,0
89,7.2419,1.7455e+07,25.452,3.7460,5.7779,-5.471339,-3.918777,-5.420507,1.175184,0.841711,1.164266,0,0,0,0,0,0,28.376,0.929,0
90,7.7516,5.6437e+07,15.827,5.5393,7.4686,-5.040530,-3.403565,-4.982359,1.082651,0.731049,1.070156,0,0,0,0,0,0,32.476,1.154,0
91,7.2285,1.6923e+07,17.236,3.7076,5.1146,-5.116603,-3.504631,-5.069898,1.098990,0.752756,1.088959,0,0,0,0,0,0,31.505,0.913,0
92,8.0445,1.1078e+08,30.627,6.9357,11.3206,-5.639820,-4.104100,-5.570460,1.211372,0.881516,1.196474,0,0,0,0,0,0,27.230,1.230,0
93,7.6692,4.6691e+07,34.042,5.2001,8.7745,-5.735040,-4.212346,-5.717708,1.231824,0.904766,1.228101,0,0,0,0,0,0,26.551,0.302,0
94,7.5715,3.7285e+07,21.504,4.8244,7.0812,-5.317259,-3.737071,-5.259837,1.142089,0.802682,1.129756,0,0,0,0,0,0,29.718,1.080,0
95,7.4523,2.8331e+07,20.998,4.4024,6.4177,-5.295491,-3.715861,-5.239864,1.137414,0.798126,1.125465,0,0,0,0,0,0,29.830,1.050,0
96,7.9454,8.8191e+07,29.872,6.4280,10.4109,-5.617210,-4.081486,-5.542087,1.206515,0.876659,1.190380,0,0,0,0,0,0,27.340,1.337,0
97,7.5427,3.4891e+07,17.116,4.7189,6.4975,-5.110371,-3.495643,-5.062272,1.097652,0.750826,1.087321,0,0,0,0,0,0,31.597,0.941,0
98,7.1315,1.3536e+07,19.875,3.4416,4.9391,-5.245421,-3.652846,-5.180326,1.126659,0.784591,1.112677,0,0,0,0,0,0,30.361,1.241,0
99,7.1770,1.5032e+07,29.033,3.5640,5.7216,-5.591329,-4.049854,-5.519604,1.200956,0.869864,1.185551,0,0,0,0,0,0,27.569,1.283,0
100,8.4428,2.7723e+08,16.629,9.4163,12.8647,-5.084519,-3.465030,-5.036767,1.092099,0.744251,1.081842,1,0,1,1,1,0,31.851,0.939,0
101,8.1787,1.5091e+08,10.122,7.6883,9.2905,-4.665174,-2.937351,-4.626079,1.002028,0.630911,0.993631,0,0,0,0,0,0,37.037,0.838,1
102,8.2880,1.9409e+08,25.839,8.3611,12.9551,-5.485129,-3.934582,-5.433431,1.178146,0.845105,1.167041,1,0,1,1,1,0,28.268,0.943,1
103,8.0923,1.2368e+08,24.888,7.1950,11.0237,-5.450851,-3.894644,-5.400318,1.170783,0.836527,1.159929,0,0,0,0,0,0,28.550,0.927,1
104,8.2674,1.8509e+08,24.366,8.2299,12.5298,-5.431453,-3.873124,-5.382337,1.166617,0.831905,1.156067,1,0,1,1,1,0,28.691,0.904,1
105,8.1321,1.3554e+08,18.743,7.4181,10.4722,-5.192191,-3.592371,-5.137819,1.115226,0.771602,1.103547,0,0,0,0,0,0,30.812,1.047,1
106,8.1158,1.3057e+08,18.881,7.3261,10.3637,-5.198874,-3.604610,-5.148094,1.116661,0.774231,1.105754,0,0,0,0,0,0,30.666,0.977,1
107,8.4478,2.8043e+08,13.045,9.4523,12.1273,-4.872339,-3.206641,-4.847202,1.046525,0.688751,1.041126,1,0,1,1,1,0,34.187,0.516,1
108,8.2020,1.5923e+08,24.487,7.8272,11.9343,-5.435984,-3.874741,-5.383362,1.167590,0.832252,1.156287,0,0,0,0,0,0,28.721,0.968,1
109,8.4896,3.0877e+08,16.954,9.7606,13.4049,-5.101840,-3.486549,-5.055059,1.095820,0.748873,1.085771,1,0,1,1,1,0,31.661,0.917,1
110,8.1586,1.4407e+08,14.086,7.5704,9.9024,-4.938312,-3.284449,-4.896684,1.060695,0.705464,1.051754,0,0,0,0,0,0,33.490,0.843,1
111,8.4317,2.7023e+08,15.233,9.3363,12.4619,-5.006715,-3.373724,-4.956953,1.075388,0.724639,1.064699,1,0,1,1,1,0,32.616,0.994,1
112,8.0970,1.2502e+08,20.444,7.2210,10.4465,-5.271152,-3.685714,-5.210720,1.132186,0.791651,1.119206,0,0,0,0,0,0,30.078,1.146,1
113,8.0503,1.1229e+08,17.178,6.9669,9.6022,-5.113602,-3.503666,-5.070040,1.098346,0.752549,1.088989,0,0,0,0,0,0,31.483,0.852,1
114,8.2220,1.6674e+08,25.965,7.9483,12.3334,-5.489563,-3.939904,-5.437949,1.179098,0.846248,1.168012,1,0,1,1,1,0,28.229,0.940,1
115,8.4536,2.8416e+08,14.149,9.4941,12.4327,-4.942153,-3.291380,-4.901973,1.061520,0.706952,1.052890,1,0,1,1,1,0,33.402,0.813,1
116,8.1332,1.3591e+08,19.945,7.4247,10.6661,-5.248639,-3.660753,-5.187022,1.127350,0.786290,1.114116,0,0,0,0,0,0,30.253,1.174,1
117,8.1641,1.4591e+08,24.730,7.6026,11.6261,-5.445040,-3.887101,-5.394062,1.169535,0.834907,1.158585,0,0,0,0,0,0,28.612,0.936,1
118,8.3608,2.2950e+08,12.344,8.8415,11.1907,-4.825740,-3.147117,-4.803610,1.036516,0.675966,1.031763,0,0,0,0,0,0,34.785,0.459,1
119,8.2008,1.5879e+08,17.944,7.8201,10.9074,-5.152838,-3.543866,-5.100400,1.106773,0.761184,1.095510,0,0,0,0,0,0,31.225,1.018,1
120,8.1057,1.2754e+08,14.678,7.2691,9.6094,-4.974147,-3.331919,-4.926323,1.068392,0.715660,1.058120,0,0,0,0,0,0,33.015,0.961,1
121,8.1055,1.2749e+08,17.596,7.2681,10.0833,-5.135219,-3.523953,-5.085132,1.102989,0.756907,1.092231,0,0,0,0,0,0,31.377,0.975,1
122,8.4014,2.5199e+08,12.347,9.1214,11.5457,-4.825949,-3.147458,-4.803894,1.036561,0.676040,1.031824,0,0,0,0,0,0,34.781,0.457,1
123,8.1622,1.4529e+08,12.254,7.5918,9.5919,-4.819606,-3.135550,-4.793938,1.035199,0.673482,1.029685,0,0,0,0,0,0,34.942,0.533,1
124,8.3702,2.3455e+08,13.944,8.9059,11.6192,-4.929517,-3.276133,-4.892559,1.058806,0.703678,1.050868,0,0,0,0,0,0,33.540,0.750,1
125,8.1403,1.3812e+08,13.225,7.4648,9.6100,-4.884014,-3.220650,-4.856497,1.049033,0.691760,1.043122,0,0,0,0,0,0,34.057,0.563,1
126,8.4754,2.9879e+08,16.274,9.6542,13.1137,-5.065283,-3.441108,-5.016377,1.087967,0.739112,1.077463,1,0,1,1,1,0,32.065,0.966,1
127,8.1379,1.3738e+08,19.243,7.4514,10.5970,-5.216082,-3.620297,-5.158024,1.120357,0.777600,1.107887,0,0,0,0,0,0,30.594,1.113,1
128,8.3345,2.1604e+08,19.874,8.6652,12.4355,-5.245399,-3.657364,-5.184905,1.126654,0.785562,1.113661,1,0,1,1,1,0,30.275,1.153,1
129,8.4761,2.9933e+08,22.536,9.6601,14.3731,-5.360066,-3.788968,-5.308304,1.151284,0.813829,1.140166,1,0,1,1,1,0,29.311,0.966,1
130,8.4648,2.9158e+08,13.815,9.5760,12.4642,-4.921528,-3.267562,-4.887601,1.057090,0.701837,1.049803,1,0,1,1,1,0,33.607,0.689,1
131,8.0376,1.0905e+08,22.269,6.8994,10.2299,-5.349162,-3.779398,-5.299595,1.148941,0.811773,1.138295,0,0,0,0,0,0,29.346,0.927,1
132,8.0056,1.0131e+08,20.116,6.7320,9.6944,-5.256412,-3.665363,-5.190567,1.129020,0.787280,1.114877,0,0,0,0,0,0,30.269,1.253,1
133,8.3747,2.3698e+08,21.373,8.9365,13.0939,-5.311671,-3.735408,-5.258545,1.140889,0.802325,1.129478,1,0,1,1,1,0,29.675,1.000,1
134,8.0185,1.0435e+08,18.853,6.7987,9.6134,-5.197497,-3.601725,-5.145488,1.116366,0.773611,1.105195,0,0,0,0,0,0,30.703,1.001,1
135,8.0397,1.0957e+08,13.728,6.9103,8.9800,-4.916036,-3.261053,-4.883595,1.055911,0.700439,1.048943,0,0,0,0,0,0,33.665,0.660,1
136,8.1752,1.4969e+08,17.303,7.6676,10.5888,-5.120093,-3.507796,-5.072296,1.099740,0.753436,1.089474,0,0,0,0,0,0,31.490,0.934,1
137,8.0075,1.0174e+08,20.125,6.7416,9.7094,-5.256799,-3.671773,-5.197098,1.129103,0.788657,1.116280,0,0,0,0,0,0,30.152,1.136,1
138,8.4945,3.1226e+08,19.185,9.7972,13.9212,-5.213331,-3.620778,-5.159464,1.119767,0.777704,1.108196,1,0,1,1,1,0,30.548,1.033,1
139,8.2669,1.8490e+08,15.215,8.2271,10.9780,-5.005697,-3.370328,-4.953354,1.075169,0.723910,1.063926,0,0,0,0,0,0,32.670,1.046,1
140,8.1080,1.2822e+08,13.461,7.2820,9.4164,-4.899166,-3.240025,-4.869748,1.052287,0.695922,1.045969,0,0,0,0,0,0,33.866,0.600,1
141,8.1190,1.3152e+08,25.889,7.3440,11.3857,-5.486888,-3.939422,-5.437858,1.178523,0.846145,1.167992,0,0,0,0,0,0,28.203,0.894,1
142,8.4316,2.7013e+08,19.536,9.3352,13.3324,-5.229806,-3.639301,-5.172455,1.123305,0.781682,1.110987,1,0,1,1,1,0,30.412,1.097,1
143,8.0651,1.1616e+08,16.509,7.0461,9.6077,-5.078028,-3.458722,-5.031709,1.090705,0.742896,1.080756,0,0,0,0,0,0,31.888,0.912,1
144,8.3221,2.0993e+08,13.190,8.5826,11.0419,-4.881798,-3.219197,-4.856105,1.048557,0.691448,1.043038,0,0,0,0,0,0,34.057,0.526,1
145,8.4387,2.7459e+08,18.498,9.3863,13.2023,-5.180281,-3.579287,-5.128245,1.112668,0.768792,1.101491,1,0,1,1,1,0,30.906,1.004,1
146,8.2147,1.6394e+08,16.949,7.9036,10.8537,-5.101587,-3.487845,-5.056325,1.095765,0.749151,1.086043,0,0,0,0,0,0,31.632,0.887,1
147,8.2526,1.7888e+08,19.368,8.1367,11.5926,-5.221967,-3.630492,-5.166321,1.121621,0.779790,1.109669,0,0,0,0,0,0,30.477,1.066,1
148,8.1109,1.2910e+08,19.403,7.2987,10.4038,-5.223570,-3.629497,-5.164926,1.121966,0.779576,1.109370,0,0,0,0,0,0,30.517,1.123,1
149,8.1422,1.3873e+08,17.470,7.4758,10.3511,-5.128759,-3.519720,-5.082258,1.101601,0.755997,1.091613,0,0,0,0,0,0,31.373,0.907,1
150,8.3476,2.2263e+08,17.675,8.7524,12.1574,-5.139250,-3.532911,-5.092980,1.103855,0.758831,1.093916,1,0,1,1,1,0,31.256,0.900,1
151,8.1960,1.5702e+08,23.729,7.7909,11.7688,-5.407257,-3.845536,-5.358670,1.161420,0.825979,1.150984,0,0,0,0,0,0,28.882,0.899,1
152,8.0052,1.0121e+08,17.156,6.7298,9.2722,-5.112460,-3.498420,-5.064613,1.098101,0.751422,1.087824,0,0,0,0,0,0,31.571,0.936,1
153,8.4160,2.6061e+08,21.596,9.2242,13.5560,-5.321133,-3.742186,-5.264691,1.142921,0.803781,1.130798,1,0,1,1,1,0,29.673,1.061,1
154,8.3036,2.0118e+08,18.957,8.4617,11.9834,-5.202493,-3.607148,-5.149363,1.117439,0.774776,1.106027,0,0,0,0,0,0,30.665,1.021,1
155,8.4087,2.5628e+08,15.933,9.1728,12.3896,-5.046463,-3.417727,-4.995762,1.083925,0.734090,1.073035,1,0,1,1,1,0,32.275,1.005,1
156,8.3037,2.0126e+08,16.876,8.4628,11.6081,-5.097721,-3.483440,-5.052752,1.094935,0.748205,1.085276,0,0,0,0,0,0,31.667,0.882,1
157,8.1587,1.4413e+08,24.334,7.5715,11.5230,-5.430268,-3.872840,-5.382577,1.166362,0.831844,1.156119,0,0,0,0,0,0,28.680,0.878,1
158,8.1279,1.3425e+08,23.043,7.3944,11.0739,-5.380433,-3.810672,-5.327431,1.155658,0.818491,1.144274,0,0,0,0,0,0,29.175,0.985,1
159,8.2820,1.9144e+08,14.952,8.3229,11.0553,-4.990343,-3.352822,-4.938540,1.071871,0.720150,1.060744,0,0,0,0,0,0,32.814,1.038,1
160,8.4712,2.9591e+08,11.575,9.6232,11.9935,-4.772463,-3.079187,-4.750429,1.025073,0.661376,1.020340,0,0,0,0,0,0,35.480,0.462,1
161,8.2378,1.7290e+08,22.064,8.0450,11.8966,-5.340721,-3.768475,-5.289500,1.147128,0.809427,1.136127,0,0,0,0,0,0,29.439,0.959,1
162,8.0735,1.1844e+08,16.146,7.0919,9.6129,-5.058265,-3.435716,-5.012053,1.086460,0.737954,1.076534,0,0,0,0,0,0,32.077,0.914,1
163,8.3367,2.1710e+08,17.597,8.6794,12.0413,-5.135262,-3.523619,-5.084561,1.102998,0.756835,1.092108,1,0,1,1,1,0,31.384,0.987,1
164,8.4754,2.9883e+08,19.549,9.6547,13.7912,-5.230388,-3.639523,-5.172390,1.123430,0.781730,1.110973,1,0,1,1,1,0,30.416,1.109,1
165,8.0939,1.2414e+08,28.545,7.2038,11.5050,-5.575920,-4.036394,-5.510602,1.197647,0.866973,1.183617,0,0,0,0,0,0,27.610,1.171,1
166,8.4008,2.5163e+08,14.161,9.1170,11.9416,-4.942935,-3.292240,-4.902352,1.061688,0.707137,1.052972,0,0,0,0,0,0,33.395,0.821,1
167,8.3570,2.2749e+08,24.781,8.8156,13.4892,-5.446900,-3.890704,-5.397250,1.169935,0.835681,1.159270,1,0,1,1,1,0,28.570,0.912,1
168,8.2504,1.7799e+08,20.756,8.1233,11.8028,-5.284952,-3.700588,-5.224998,1.135150,0.794846,1.122272,0,0,0,0,0,0,29.979,1.134,1
169,8.3580,2.2804e+08,20.335,8.8228,12.7443,-5.266252,-3.678494,-5.203858,1.131133,0.790100,1.117732,1,0,1,1,1,0,30.150,1.185,1
